coordinates,long,lat,Address,Visit 1 (2-6-23),Plastic bags/wrap,Clamshell,Napkins/tissue,Black plastic/takeout,Food/Liquid,Foil/alum,Styro,SUPs,Receipts,Visit 2 (2-13-23),Plastic bags/wrap,Clamshell,Napkins/tissue,Black plastic/tissue,Food/Liquid,Foil/alum,Styro,SUPs,Receipts,Visit 3 (2-27-23),Plastic bags/wrap,Clamshell,Napkins/tissue,Black plastic/takeout,Food/Liquid,Foil/alum,Styro,SUPs,Visit 4 (3-13-23),Plastic bags/wrap,Clamshell,Napkins/tissue,Black plastic/takeout,Food/Liquid,Foil/alum,Styro,SUPs
", ",,,100 EASTWOOD LAKE RD   ,N,FALSE,FALSE,FALSE,FALSE,FALSE,FALSE,FALSE,FALSE,FALSE,N,FALSE,FALSE,FALSE,FALSE,FALSE,FALSE,FALSE,FALSE,FALSE,N,FALSE,FALSE,FALSE,FALSE,FALSE,FALSE,FALSE,FALSE,N,FALSE,FALSE,FALSE,FALSE,FALSE,FALSE,FALSE,FALSE
"-79.03197623, 35.9365221",-79.03197623,35.9365221,101 EASTWOOD LAKE RD   ,N,FALSE,FALSE,FALSE,FALSE,FALSE,FALSE,FALSE,FALSE,FALSE,N,FALSE,FALSE,FALSE,FALSE,FALSE,FALSE,FALSE,FALSE,FALSE,N,FALSE,FALSE,FALSE,FALSE,FALSE,FALSE,FALSE,FALSE,N,FALSE,FALSE,FALSE,FALSE,FALSE,FALSE,FALSE,FALSE
"-79.03201322, 35.93646608",-79.03201322,35.93646608,101 EASTWOOD LAKE RD  UNIT A,O,TRUE,FALSE,FALSE,FALSE,FALSE,FALSE,FALSE,FALSE,FALSE,O,TRUE,FALSE,FALSE,FALSE,FALSE,FALSE,FALSE,FALSE,FALSE,N,FALSE,FALSE,FALSE,FALSE,FALSE,FALSE,FALSE,FALSE,O,TRUE,TRUE,FALSE,FALSE,TRUE,TRUE,FALSE,FALSE
", ",,,101 EASTWOOD LAKE RD  UNIT B,O,TRUE,FALSE,FALSE,FALSE,TRUE,FALSE,FALSE,FALSE,FALSE,O,TRUE,FALSE,TRUE,FALSE,FALSE,FALSE,FALSE,FALSE,FALSE,O,TRUE,FALSE,FALSE,FALSE,FALSE,FALSE,TRUE,FALSE,N,FALSE,FALSE,FALSE,FALSE,FALSE,FALSE,FALSE,FALSE
", ",,,103 EASTWOOD LAKE RD   ,O,TRUE,FALSE,FALSE,FALSE,FALSE,FALSE,FALSE,FALSE,FALSE,O,TRUE,TRUE,FALSE,FALSE,FALSE,FALSE,FALSE,FALSE,FALSE,O,TRUE,TRUE,FALSE,FALSE,FALSE,FALSE,FALSE,FALSE,L,FALSE,TRUE,FALSE,FALSE,FALSE,FALSE,FALSE,FALSE
"-79.03155142, 35.93742792",-79.03155142,35.93742792,104 EASTWOOD LAKE RD   ,O,FALSE,TRUE,FALSE,FALSE,TRUE,FALSE,FALSE,FALSE,FALSE,L,FALSE,FALSE,FALSE,FALSE,FALSE,FALSE,FALSE,FALSE,FALSE,S,FALSE,FALSE,FALSE,FALSE,FALSE,FALSE,FALSE,FALSE,S,FALSE,FALSE,FALSE,FALSE,FALSE,FALSE,FALSE,FALSE
"-79.0314499, 35.93843232",-79.0314499,35.93843232,105 EASTWOOD LAKE RD   ,S,FALSE,FALSE,TRUE,FALSE,FALSE,FALSE,FALSE,FALSE,FALSE,N,FALSE,FALSE,FALSE,FALSE,FALSE,FALSE,FALSE,FALSE,FALSE,S,FALSE,FALSE,TRUE,FALSE,FALSE,FALSE,FALSE,FALSE,S,FALSE,FALSE,FALSE,FALSE,FALSE,FALSE,FALSE,FALSE
"-79.0318944, 35.93799707",-79.0318944,35.93799707,107 EASTWOOD LAKE RD   ,N,FALSE,FALSE,FALSE,FALSE,FALSE,FALSE,FALSE,FALSE,FALSE,N,FALSE,FALSE,FALSE,FALSE,FALSE,FALSE,FALSE,FALSE,FALSE,N,FALSE,FALSE,FALSE,FALSE,FALSE,FALSE,FALSE,FALSE,N,FALSE,FALSE,FALSE,FALSE,FALSE,FALSE,FALSE,FALSE
"-79.03215364, 35.93826823",-79.03215364,35.93826823,109 EASTWOOD LAKE RD   ,S,FALSE,FALSE,FALSE,FALSE,FALSE,FALSE,FALSE,FALSE,FALSE,S,FALSE,FALSE,FALSE,FALSE,FALSE,FALSE,FALSE,FALSE,FALSE,S,FALSE,TRUE,FALSE,FALSE,FALSE,FALSE,FALSE,FALSE,S,FALSE,FALSE,FALSE,FALSE,FALSE,FALSE,FALSE,FALSE
"-79.03189812, 35.9384574",-79.03189812,35.9384574,111 EASTWOOD LAKE RD   ,O,TRUE,TRUE,FALSE,FALSE,FALSE,FALSE,FALSE,FALSE,FALSE,O,TRUE,TRUE,TRUE,FALSE,FALSE,FALSE,FALSE,FALSE,FALSE,O,FALSE,FALSE,FALSE,FALSE,TRUE,FALSE,FALSE,FALSE,S,FALSE,FALSE,FALSE,FALSE,FALSE,FALSE,FALSE,FALSE
"-79.03237182, 35.93791855",-79.03237182,35.93791855,113 EASTWOOD LAKE RD   ,O,FALSE,FALSE,FALSE,FALSE,FALSE,FALSE,FALSE,FALSE,FALSE,O,TRUE,TRUE,TRUE,FALSE,FALSE,FALSE,FALSE,TRUE,FALSE,O,FALSE,FALSE,FALSE,FALSE,FALSE,FALSE,FALSE,FALSE,S,FALSE,FALSE,FALSE,FALSE,FALSE,FALSE,FALSE,FALSE
"-79.03271188, 35.93772272",-79.03271188,35.93772272,115 EASTWOOD LAKE RD   ,N,FALSE,FALSE,FALSE,FALSE,FALSE,FALSE,FALSE,FALSE,FALSE,N,FALSE,FALSE,FALSE,FALSE,FALSE,FALSE,FALSE,FALSE,FALSE,N,FALSE,FALSE,FALSE,FALSE,FALSE,FALSE,FALSE,FALSE,N,FALSE,FALSE,FALSE,FALSE,FALSE,FALSE,FALSE,FALSE
"-79.03256046, 35.93732486",-79.03256046,35.93732486,119 EASTWOOD LAKE RD   ,O,TRUE,FALSE,TRUE,FALSE,FALSE,FALSE,FALSE,FALSE,FALSE,O,TRUE,TRUE,TRUE,FALSE,FALSE,FALSE,FALSE,FALSE,FALSE,N,FALSE,FALSE,FALSE,FALSE,FALSE,FALSE,FALSE,FALSE,N,FALSE,FALSE,FALSE,FALSE,FALSE,FALSE,FALSE,FALSE
", ",,,160 EASTWOOD LAKE RD   ,O,TRUE,TRUE,FALSE,FALSE,FALSE,FALSE,FALSE,FALSE,FALSE,N,FALSE,FALSE,FALSE,FALSE,FALSE,FALSE,FALSE,FALSE,FALSE,N,FALSE,FALSE,FALSE,FALSE,FALSE,FALSE,FALSE,FALSE,N,FALSE,FALSE,FALSE,FALSE,FALSE,FALSE,FALSE,FALSE
"-79.02869475, 35.9413311",-79.02869475,35.9413311,101 OLD OXFORD RD  ,N,FALSE,FALSE,FALSE,FALSE,FALSE,FALSE,FALSE,FALSE,FALSE,O,TRUE,FALSE,FALSE,FALSE,FALSE,FALSE,FALSE,FALSE,FALSE,N,FALSE,FALSE,FALSE,FALSE,FALSE,FALSE,FALSE,FALSE,N,FALSE,FALSE,FALSE,FALSE,FALSE,FALSE,FALSE,FALSE
"-79.03086875, 35.93888024",-79.03086875,35.93888024,115 OLD OXFORD RD  ,N,FALSE,FALSE,FALSE,FALSE,FALSE,FALSE,FALSE,FALSE,FALSE,N,FALSE,FALSE,FALSE,FALSE,FALSE,FALSE,FALSE,FALSE,FALSE,N,FALSE,FALSE,FALSE,FALSE,FALSE,FALSE,FALSE,FALSE,N,FALSE,FALSE,FALSE,FALSE,FALSE,FALSE,FALSE,FALSE
"-79.0315958, 35.93692177",-79.0315958,35.93692177,1603 OLD OXFORD RD  ,N,FALSE,FALSE,FALSE,FALSE,FALSE,FALSE,FALSE,FALSE,FALSE,N,FALSE,FALSE,FALSE,FALSE,FALSE,FALSE,FALSE,FALSE,FALSE,N,FALSE,FALSE,FALSE,FALSE,FALSE,FALSE,FALSE,FALSE,O,TRUE,TRUE,FALSE,FALSE,FALSE,TRUE,FALSE,TRUE
"-79.03131162, 35.93730552",-79.03131162,35.93730552,1605 OLD OXFORD RD  ,L,FALSE,FALSE,FALSE,FALSE,FALSE,FALSE,FALSE,TRUE,FALSE,S,FALSE,TRUE,FALSE,FALSE,FALSE,FALSE,FALSE,FALSE,FALSE,S,FALSE,FALSE,FALSE,FALSE,FALSE,FALSE,FALSE,FALSE,S,FALSE,FALSE,FALSE,FALSE,FALSE,FALSE,FALSE,FALSE
"-79.03115498, 35.93744222",-79.03115498,35.93744222,1607 OLD OXFORD RD  ,L,FALSE,FALSE,FALSE,FALSE,FALSE,FALSE,FALSE,FALSE,TRUE,S,FALSE,FALSE,FALSE,FALSE,FALSE,FALSE,FALSE,FALSE,FALSE,S,FALSE,FALSE,FALSE,FALSE,FALSE,FALSE,FALSE,FALSE,N,FALSE,FALSE,FALSE,FALSE,FALSE,FALSE,FALSE,FALSE
"-79.03122849, 35.93773857",-79.03122849,35.93773857,1609 OLD OXFORD RD  ,N,FALSE,FALSE,FALSE,FALSE,FALSE,FALSE,FALSE,FALSE,FALSE,O,TRUE,TRUE,TRUE,FALSE,FALSE,FALSE,FALSE,FALSE,FALSE,O,FALSE,TRUE,FALSE,FALSE,TRUE,FALSE,FALSE,FALSE,O,TRUE,FALSE,FALSE,FALSE,FALSE,FALSE,FALSE,FALSE
"-79.0310521, 35.93797892",-79.0310521,35.93797892,1611 OLD OXFORD RD  ,N,FALSE,FALSE,FALSE,FALSE,FALSE,FALSE,FALSE,FALSE,FALSE,N,FALSE,FALSE,FALSE,FALSE,FALSE,FALSE,FALSE,FALSE,FALSE,N,FALSE,FALSE,FALSE,FALSE,FALSE,FALSE,FALSE,FALSE,N,FALSE,FALSE,FALSE,FALSE,FALSE,FALSE,FALSE,FALSE
"-79.03019484, 35.93787925",-79.03019484,35.93787925,1612 OLD OXFORD RD  ,S,FALSE,TRUE,FALSE,FALSE,FALSE,FALSE,FALSE,FALSE,FALSE,L,FALSE,TRUE,FALSE,FALSE,FALSE,FALSE,FALSE,FALSE,FALSE,S,FALSE,FALSE,FALSE,FALSE,FALSE,FALSE,FALSE,FALSE,N,FALSE,FALSE,FALSE,FALSE,FALSE,FALSE,FALSE,FALSE
"-79.03007013, 35.9381584",-79.03007013,35.9381584,1616 OLD OXFORD RD  ,S,FALSE,TRUE,FALSE,FALSE,FALSE,FALSE,FALSE,FALSE,FALSE,S,FALSE,FALSE,TRUE,TRUE,FALSE,FALSE,FALSE,FALSE,FALSE,N,FALSE,FALSE,FALSE,FALSE,FALSE,FALSE,FALSE,FALSE,S,FALSE,FALSE,FALSE,FALSE,FALSE,FALSE,FALSE,FALSE
", ",,,1617 OLD OXFORD RD  ,N,FALSE,FALSE,FALSE,FALSE,FALSE,FALSE,FALSE,FALSE,FALSE,N,FALSE,FALSE,FALSE,FALSE,FALSE,FALSE,FALSE,FALSE,FALSE,N,FALSE,FALSE,FALSE,FALSE,FALSE,FALSE,FALSE,FALSE,N,FALSE,FALSE,FALSE,FALSE,FALSE,FALSE,FALSE,FALSE
"-79.03055177, 35.93911093",-79.03055177,35.93911093,1627 OLD OXFORD RD  ,S,FALSE,FALSE,FALSE,FALSE,FALSE,FALSE,FALSE,FALSE,FALSE,N,FALSE,FALSE,FALSE,FALSE,FALSE,FALSE,FALSE,FALSE,FALSE,N,FALSE,FALSE,FALSE,FALSE,FALSE,FALSE,FALSE,FALSE,N,FALSE,FALSE,FALSE,FALSE,FALSE,FALSE,FALSE,FALSE
"-79.02987606, 35.93889516",-79.02987606,35.93889516,1700 OLD OXFORD RD  ,N,FALSE,FALSE,FALSE,FALSE,FALSE,FALSE,FALSE,FALSE,FALSE,O,TRUE,FALSE,TRUE,FALSE,FALSE,FALSE,FALSE,FALSE,FALSE,N,FALSE,FALSE,FALSE,FALSE,FALSE,FALSE,FALSE,FALSE,N,FALSE,FALSE,FALSE,FALSE,FALSE,FALSE,FALSE,FALSE
"-79.02981648, 35.93911293",-79.02981648,35.93911293,1702 OLD OXFORD RD  ,N,FALSE,FALSE,FALSE,FALSE,FALSE,FALSE,FALSE,FALSE,FALSE,O,TRUE,FALSE,FALSE,FALSE,FALSE,FALSE,FALSE,FALSE,FALSE,N,FALSE,FALSE,FALSE,FALSE,FALSE,FALSE,FALSE,FALSE,L,FALSE,FALSE,FALSE,FALSE,FALSE,TRUE,FALSE,FALSE
"-79.02972225, 35.93934544",-79.02972225,35.93934544,1704 OLD OXFORD RD  ,N,FALSE,FALSE,FALSE,FALSE,FALSE,FALSE,FALSE,FALSE,FALSE,N,FALSE,FALSE,FALSE,FALSE,FALSE,FALSE,FALSE,FALSE,FALSE,N,FALSE,FALSE,FALSE,FALSE,FALSE,FALSE,FALSE,FALSE,S,FALSE,TRUE,FALSE,FALSE,FALSE,FALSE,FALSE,FALSE
"-79.02925306, 35.94004957",-79.02925306,35.94004957,1802 OLD OXFORD RD  ,N,FALSE,FALSE,FALSE,FALSE,FALSE,FALSE,FALSE,FALSE,FALSE,N,FALSE,FALSE,FALSE,FALSE,FALSE,FALSE,FALSE,FALSE,FALSE,L,FALSE,TRUE,FALSE,FALSE,FALSE,FALSE,FALSE,TRUE,N,FALSE,FALSE,FALSE,FALSE,FALSE,FALSE,FALSE,FALSE
"-79.02912035, 35.94028035",-79.02912035,35.94028035,1804 OLD OXFORD RD  ,O,TRUE,FALSE,FALSE,FALSE,FALSE,FALSE,FALSE,FALSE,FALSE,O,TRUE,FALSE,FALSE,FALSE,FALSE,FALSE,FALSE,FALSE,FALSE,S,FALSE,FALSE,FALSE,TRUE,FALSE,FALSE,FALSE,FALSE,N,FALSE,FALSE,FALSE,FALSE,FALSE,FALSE,FALSE,FALSE
"-79.02892089, 35.9405093",-79.02892089,35.9405093,1806 OLD OXFORD RD  ,O,TRUE,TRUE,FALSE,TRUE,FALSE,FALSE,FALSE,FALSE,FALSE,O,TRUE,TRUE,FALSE,FALSE,FALSE,FALSE,FALSE,FALSE,FALSE,O,TRUE,FALSE,FALSE,TRUE,FALSE,FALSE,FALSE,TRUE,L,FALSE,TRUE,FALSE,TRUE,FALSE,FALSE,FALSE,FALSE
"-79.02870391, 35.94069746",-79.02870391,35.94069746,1808 OLD OXFORD RD  ,N,FALSE,FALSE,FALSE,FALSE,FALSE,FALSE,FALSE,FALSE,FALSE,N,FALSE,FALSE,FALSE,FALSE,FALSE,FALSE,FALSE,FALSE,FALSE,N,FALSE,FALSE,FALSE,FALSE,FALSE,FALSE,FALSE,FALSE,N,FALSE,FALSE,FALSE,FALSE,FALSE,FALSE,FALSE,FALSE
"-79.02841532, 35.94084691",-79.02841532,35.94084691,1810 OLD OXFORD RD  ,L,FALSE,TRUE,FALSE,FALSE,FALSE,FALSE,TRUE,FALSE,FALSE,O,TRUE,TRUE,FALSE,FALSE,FALSE,FALSE,TRUE,FALSE,FALSE,S,FALSE,TRUE,FALSE,FALSE,FALSE,FALSE,FALSE,FALSE,O,TRUE,TRUE,FALSE,FALSE,FALSE,FALSE,FALSE,FALSE
"-79.02818821, 35.94092877",-79.02818821,35.94092877,1812 OLD OXFORD RD  ,O,TRUE,FALSE,FALSE,FALSE,FALSE,FALSE,FALSE,TRUE,FALSE,S,FALSE,FALSE,FALSE,FALSE,FALSE,FALSE,FALSE,FALSE,FALSE,N,FALSE,FALSE,FALSE,FALSE,FALSE,FALSE,FALSE,FALSE,O,TRUE,FALSE,FALSE,FALSE,FALSE,FALSE,FALSE,FALSE
"-79.02795018, 35.94103625",-79.02795018,35.94103625,1814 OLD OXFORD RD  ,N,FALSE,FALSE,FALSE,FALSE,FALSE,FALSE,FALSE,FALSE,FALSE,L,FALSE,TRUE,FALSE,FALSE,FALSE,FALSE,FALSE,FALSE,TRUE,L,FALSE,TRUE,TRUE,FALSE,FALSE,FALSE,FALSE,TRUE,S,FALSE,FALSE,FALSE,FALSE,FALSE,FALSE,FALSE,FALSE
"-79.02963394, 35.94066386",-79.02963394,35.94066386,2005 OLD OXFORD RD  ,N,FALSE,FALSE,FALSE,FALSE,FALSE,FALSE,FALSE,FALSE,FALSE,O,TRUE,TRUE,FALSE,FALSE,TRUE,FALSE,FALSE,FALSE,FALSE,N,FALSE,FALSE,FALSE,FALSE,FALSE,FALSE,FALSE,FALSE,N,FALSE,FALSE,FALSE,FALSE,FALSE,FALSE,FALSE,FALSE
"-79.02950611, 35.93948807",-79.02950611,35.93948807,100 OXFORD HILLS DR  ,O,FALSE,TRUE,FALSE,FALSE,FALSE,FALSE,TRUE,TRUE,TRUE,N,FALSE,FALSE,FALSE,FALSE,FALSE,FALSE,FALSE,FALSE,FALSE,L,FALSE,FALSE,TRUE,FALSE,FALSE,FALSE,FALSE,TRUE,N,FALSE,FALSE,FALSE,FALSE,FALSE,FALSE,FALSE,FALSE
"-79.02938403, 35.93984763",-79.02938403,35.93984763,101 OXFORD HILLS DR  ,N,FALSE,FALSE,FALSE,FALSE,FALSE,FALSE,FALSE,FALSE,FALSE,N,FALSE,FALSE,FALSE,FALSE,FALSE,FALSE,FALSE,FALSE,FALSE,I,FALSE,FALSE,FALSE,FALSE,FALSE,FALSE,FALSE,FALSE,N,FALSE,FALSE,FALSE,FALSE,FALSE,FALSE,FALSE,FALSE
"-79.02898061, 35.93972742",-79.02898061,35.93972742,103 OXFORD HILLS DR  ,N,FALSE,FALSE,FALSE,FALSE,FALSE,FALSE,FALSE,FALSE,FALSE,N,FALSE,FALSE,FALSE,FALSE,FALSE,FALSE,FALSE,FALSE,FALSE,N,FALSE,FALSE,FALSE,FALSE,FALSE,FALSE,FALSE,FALSE,N,FALSE,FALSE,FALSE,FALSE,FALSE,FALSE,FALSE,FALSE
"-79.02876342, 35.93971302",-79.02876342,35.93971302,105 OXFORD HILLS DR  ,N,FALSE,FALSE,FALSE,FALSE,FALSE,FALSE,FALSE,FALSE,FALSE,N,FALSE,FALSE,FALSE,FALSE,FALSE,FALSE,FALSE,FALSE,FALSE,N,FALSE,FALSE,FALSE,FALSE,FALSE,FALSE,FALSE,FALSE,S,FALSE,FALSE,FALSE,FALSE,FALSE,FALSE,FALSE,FALSE
"-79.02786513, 35.93998027",-79.02786513,35.93998027,201 OXFORD HILLS DR  ,O,TRUE,FALSE,FALSE,FALSE,FALSE,FALSE,FALSE,TRUE,FALSE,O,TRUE,FALSE,FALSE,FALSE,FALSE,FALSE,FALSE,TRUE,FALSE,O,TRUE,TRUE,FALSE,FALSE,FALSE,FALSE,FALSE,FALSE,L,FALSE,TRUE,FALSE,FALSE,FALSE,FALSE,FALSE,FALSE
"-79.02738943, 35.93973158",-79.02738943,35.93973158,202 OXFORD HILLS DR  ,O,FALSE,TRUE,FALSE,FALSE,TRUE,FALSE,FALSE,TRUE,FALSE,L,FALSE,TRUE,FALSE,FALSE,FALSE,FALSE,FALSE,FALSE,FALSE,S,FALSE,FALSE,FALSE,FALSE,FALSE,FALSE,FALSE,FALSE,S,FALSE,FALSE,FALSE,FALSE,FALSE,FALSE,FALSE,FALSE
"-79.02766823, 35.94029087",-79.02766823,35.94029087,203 OXFORD HILLS DR  ,N,FALSE,FALSE,FALSE,FALSE,FALSE,FALSE,FALSE,FALSE,FALSE,N,FALSE,FALSE,FALSE,FALSE,FALSE,FALSE,FALSE,FALSE,FALSE,N,FALSE,FALSE,FALSE,FALSE,FALSE,FALSE,FALSE,FALSE,N,FALSE,FALSE,FALSE,FALSE,FALSE,FALSE,FALSE,FALSE
"-79.02729472, 35.93995254",-79.02729472,35.93995254,204 OXFORD HILLS DR  ,O,TRUE,TRUE,FALSE,FALSE,FALSE,FALSE,FALSE,FALSE,FALSE,N,FALSE,FALSE,FALSE,FALSE,FALSE,FALSE,FALSE,FALSE,FALSE,N,FALSE,FALSE,FALSE,FALSE,FALSE,FALSE,FALSE,FALSE,N,FALSE,FALSE,FALSE,FALSE,FALSE,FALSE,FALSE,FALSE
"-79.02762355, 35.94050126",-79.02762355,35.94050126,205 OXFORD HILLS DR  ,O,TRUE,TRUE,FALSE,FALSE,TRUE,FALSE,FALSE,TRUE,FALSE,O,TRUE,TRUE,TRUE,FALSE,FALSE,TRUE,TRUE,FALSE,FALSE,L,FALSE,TRUE,TRUE,TRUE,TRUE,FALSE,FALSE,FALSE,S,FALSE,FALSE,FALSE,FALSE,FALSE,FALSE,FALSE,TRUE
"-79.02718029, 35.94014793",-79.02718029,35.94014793,206 OXFORD HILLS DR  ,I,FALSE,FALSE,FALSE,FALSE,FALSE,FALSE,FALSE,FALSE,FALSE,N,FALSE,FALSE,FALSE,FALSE,FALSE,FALSE,FALSE,FALSE,FALSE,O,TRUE,FALSE,FALSE,FALSE,FALSE,FALSE,FALSE,FALSE,N,FALSE,FALSE,FALSE,FALSE,FALSE,FALSE,FALSE,FALSE
"-79.02756044, 35.94069864",-79.02756044,35.94069864,207 OXFORD HILLS DR  ,N,FALSE,FALSE,FALSE,FALSE,FALSE,FALSE,FALSE,FALSE,FALSE,N,FALSE,FALSE,FALSE,FALSE,FALSE,FALSE,FALSE,FALSE,FALSE,S,FALSE,TRUE,FALSE,FALSE,FALSE,FALSE,FALSE,FALSE,S,FALSE,FALSE,FALSE,FALSE,FALSE,FALSE,FALSE,FALSE
"-79.02711496, 35.9403421",-79.02711496,35.9403421,208 OXFORD HILLS DR   ,L,FALSE,FALSE,FALSE,FALSE,FALSE,FALSE,FALSE,FALSE,TRUE,L,FALSE,FALSE,FALSE,FALSE,FALSE,FALSE,FALSE,FALSE,FALSE,O,FALSE,FALSE,FALSE,FALSE,TRUE,FALSE,FALSE,FALSE,N,FALSE,FALSE,FALSE,FALSE,FALSE,FALSE,FALSE,FALSE
"-79.02749437, 35.94092946",-79.02749437,35.94092946,209 OXFORD HILLS DR   ,N,FALSE,FALSE,FALSE,FALSE,FALSE,FALSE,FALSE,FALSE,FALSE,N,FALSE,FALSE,FALSE,FALSE,FALSE,FALSE,FALSE,FALSE,FALSE,N,FALSE,FALSE,FALSE,FALSE,FALSE,FALSE,FALSE,FALSE,N,FALSE,FALSE,FALSE,FALSE,FALSE,FALSE,FALSE,FALSE
"-79.02708656, 35.94058267",-79.02708656,35.94058267,210 OXFORD HILLS DR   ,O,FALSE,FALSE,FALSE,FALSE,TRUE,FALSE,FALSE,FALSE,FALSE,N,FALSE,FALSE,FALSE,FALSE,FALSE,FALSE,FALSE,FALSE,FALSE,O,TRUE,TRUE,FALSE,FALSE,FALSE,FALSE,FALSE,FALSE,O,TRUE,TRUE,TRUE,FALSE,FALSE,FALSE,FALSE,FALSE
"-79.02755545, 35.94115532",-79.02755545,35.94115532,211 OXFORD HILLS DR   ,O,TRUE,FALSE,FALSE,FALSE,FALSE,FALSE,FALSE,FALSE,FALSE,S,FALSE,FALSE,FALSE,FALSE,FALSE,FALSE,FALSE,FALSE,FALSE,O,TRUE,FALSE,FALSE,FALSE,FALSE,FALSE,FALSE,FALSE,S,FALSE,FALSE,FALSE,FALSE,FALSE,FALSE,FALSE,FALSE
"-79.02705254, 35.94074681",-79.02705254,35.94074681,212 OXFORD HILLS DR   ,N,FALSE,FALSE,FALSE,FALSE,FALSE,FALSE,FALSE,FALSE,FALSE,N,FALSE,FALSE,FALSE,FALSE,FALSE,FALSE,FALSE,FALSE,FALSE,N,FALSE,FALSE,FALSE,FALSE,FALSE,FALSE,FALSE,FALSE,N,FALSE,FALSE,FALSE,FALSE,FALSE,FALSE,FALSE,FALSE
"-79.02767607, 35.94131944",-79.02767607,35.94131944,213 OXFORD HILLS DR   ,O,FALSE,TRUE,FALSE,FALSE,TRUE,FALSE,FALSE,FALSE,FALSE,N,FALSE,FALSE,FALSE,FALSE,FALSE,FALSE,FALSE,FALSE,FALSE,N,FALSE,FALSE,FALSE,FALSE,FALSE,FALSE,FALSE,FALSE,N,FALSE,FALSE,FALSE,FALSE,FALSE,FALSE,FALSE,FALSE
"-79.02704177, 35.94097506",-79.02704177,35.94097506,216 OXFORD HILLS DR   ,L,FALSE,FALSE,FALSE,FALSE,FALSE,FALSE,FALSE,TRUE,FALSE,L,FALSE,FALSE,FALSE,FALSE,FALSE,FALSE,FALSE,TRUE,FALSE,S,FALSE,TRUE,FALSE,FALSE,FALSE,FALSE,FALSE,FALSE,O,TRUE,FALSE,FALSE,FALSE,FALSE,FALSE,FALSE,FALSE
"-79.02707903, 35.94114486",-79.02707903,35.94114486,218 OXFORD HILLS DR   ,O,TRUE,FALSE,FALSE,FALSE,FALSE,FALSE,FALSE,FALSE,FALSE,S,FALSE,FALSE,FALSE,FALSE,FALSE,FALSE,FALSE,FALSE,FALSE,O,TRUE,TRUE,TRUE,FALSE,FALSE,FALSE,FALSE,TRUE,S,FALSE,FALSE,FALSE,FALSE,FALSE,FALSE,FALSE,FALSE
"-79.02710461, 35.9413314",-79.02710461,35.9413314,220 OXFORD HILLS DR   ,L,FALSE,FALSE,FALSE,FALSE,FALSE,FALSE,FALSE,FALSE,FALSE,N,FALSE,FALSE,FALSE,FALSE,FALSE,FALSE,FALSE,FALSE,FALSE,L,FALSE,TRUE,FALSE,TRUE,FALSE,FALSE,FALSE,TRUE,S,FALSE,FALSE,FALSE,FALSE,FALSE,FALSE,FALSE,TRUE
"-79.02732876, 35.94162583",-79.02732876,35.94162583,224 OXFORD HILLS DR   ,O,TRUE,TRUE,FALSE,FALSE,FALSE,TRUE,FALSE,FALSE,FALSE,O,TRUE,FALSE,FALSE,FALSE,FALSE,FALSE,FALSE,FALSE,FALSE,S,FALSE,FALSE,FALSE,FALSE,FALSE,FALSE,FALSE,FALSE,O,FALSE,FALSE,FALSE,FALSE,FALSE,FALSE,FALSE,FALSE
"-79.02740763, 35.94190759",-79.02740763,35.94190759,226 OXFORD HILLS DR   ,S,FALSE,TRUE,FALSE,FALSE,FALSE,FALSE,FALSE,FALSE,FALSE,S,FALSE,FALSE,FALSE,FALSE,FALSE,FALSE,FALSE,FALSE,FALSE,S,FALSE,FALSE,TRUE,FALSE,FALSE,FALSE,FALSE,FALSE,N,FALSE,FALSE,FALSE,FALSE,FALSE,FALSE,FALSE,FALSE
"-79.02900181, 35.9393839",-79.02900181,35.9393839,100 RED CEDAR PL  ,S,FALSE,TRUE,FALSE,FALSE,FALSE,FALSE,FALSE,FALSE,TRUE,N,FALSE,FALSE,FALSE,FALSE,FALSE,FALSE,FALSE,FALSE,FALSE,S,FALSE,FALSE,FALSE,FALSE,FALSE,FALSE,FALSE,FALSE,S,FALSE,FALSE,FALSE,FALSE,FALSE,FALSE,FALSE,FALSE
"-79.02849592, 35.9393672",-79.02849592,35.9393672,101 RED CEDAR PL  ,O,TRUE,FALSE,TRUE,FALSE,FALSE,FALSE,FALSE,FALSE,FALSE,S,FALSE,FALSE,TRUE,FALSE,FALSE,FALSE,FALSE,FALSE,FALSE,S,FALSE,FALSE,TRUE,FALSE,FALSE,FALSE,FALSE,FALSE,L,FALSE,FALSE,TRUE,FALSE,FALSE,FALSE,FALSE,FALSE
"-79.02915446, 35.93920446",-79.02915446,35.93920446,102 RED CEDAR PL  ,L,FALSE,FALSE,TRUE,FALSE,FALSE,TRUE,FALSE,FALSE,FALSE,S,FALSE,FALSE,FALSE,FALSE,FALSE,FALSE,FALSE,FALSE,FALSE,L,FALSE,FALSE,TRUE,FALSE,FALSE,FALSE,FALSE,FALSE,N,FALSE,FALSE,FALSE,FALSE,FALSE,FALSE,FALSE,FALSE
"-79.02833718, 35.93860876",-79.02833718,35.93860876,103 RED CEDAR PL  ,N,FALSE,FALSE,FALSE,FALSE,FALSE,FALSE,FALSE,FALSE,FALSE,N,FALSE,FALSE,FALSE,FALSE,FALSE,FALSE,FALSE,FALSE,FALSE,N,FALSE,FALSE,FALSE,FALSE,FALSE,FALSE,FALSE,FALSE,N,FALSE,FALSE,FALSE,FALSE,FALSE,FALSE,FALSE,FALSE
"-79.02921511, 35.93899192",-79.02921511,35.93899192,104 RED CEDAR PL  ,S,FALSE,TRUE,FALSE,FALSE,FALSE,FALSE,FALSE,FALSE,FALSE,N,FALSE,FALSE,FALSE,FALSE,FALSE,FALSE,FALSE,FALSE,FALSE,O,TRUE,FALSE,FALSE,FALSE,FALSE,FALSE,FALSE,FALSE,S,FALSE,TRUE,TRUE,FALSE,FALSE,FALSE,FALSE,FALSE
"-79.02889721, 35.93893033",-79.02889721,35.93893033,105 RED CEDAR PL  ,O,FALSE,FALSE,FALSE,FALSE,TRUE,TRUE,FALSE,FALSE,FALSE,S,FALSE,FALSE,TRUE,FALSE,FALSE,FALSE,FALSE,FALSE,FALSE,S,FALSE,FALSE,FALSE,FALSE,FALSE,FALSE,FALSE,FALSE,S,FALSE,FALSE,FALSE,FALSE,FALSE,FALSE,FALSE,FALSE
", ",,,106 RED CEDAR PL  ,S,FALSE,FALSE,FALSE,FALSE,FALSE,FALSE,FALSE,FALSE,FALSE,S,FALSE,FALSE,TRUE,FALSE,FALSE,FALSE,FALSE,FALSE,FALSE,N,FALSE,FALSE,FALSE,FALSE,FALSE,FALSE,FALSE,FALSE,N,FALSE,FALSE,FALSE,FALSE,FALSE,FALSE,FALSE,FALSE
"-79.02833004, 35.93973061",-79.02833004,35.93973061,101 OXFORD HILLS PL  ,O,TRUE,FALSE,FALSE,FALSE,FALSE,FALSE,TRUE,FALSE,FALSE,O,FALSE,FALSE,FALSE,FALSE,FALSE,FALSE,FALSE,FALSE,FALSE,N,FALSE,FALSE,FALSE,FALSE,FALSE,FALSE,FALSE,FALSE,S,FALSE,FALSE,FALSE,FALSE,FALSE,FALSE,FALSE,FALSE
"-79.02793426, 35.94013806",-79.02793426,35.94013806,102 OXFORD HILLS PL  ,L,FALSE,FALSE,FALSE,FALSE,FALSE,FALSE,FALSE,FALSE,TRUE,S,FALSE,FALSE,FALSE,FALSE,FALSE,FALSE,FALSE,FALSE,FALSE,S,FALSE,FALSE,FALSE,FALSE,FALSE,FALSE,FALSE,FALSE,S,FALSE,FALSE,FALSE,FALSE,FALSE,FALSE,FALSE,FALSE
"-79.02850164, 35.93990502",-79.02850164,35.93990502,103 OXFORD HILLS PL  ,L,FALSE,TRUE,TRUE,TRUE,FALSE,FALSE,FALSE,TRUE,FALSE,S,FALSE,FALSE,FALSE,FALSE,FALSE,FALSE,FALSE,FALSE,FALSE,S,FALSE,FALSE,FALSE,FALSE,FALSE,FALSE,FALSE,FALSE,L,FALSE,FALSE,TRUE,TRUE,FALSE,FALSE,FALSE,FALSE
"-79.02800889, 35.94032329",-79.02800889,35.94032329,104 OXFORD HILLS PL  ,O,TRUE,FALSE,FALSE,FALSE,FALSE,FALSE,TRUE,FALSE,FALSE,N,FALSE,FALSE,FALSE,FALSE,FALSE,FALSE,FALSE,FALSE,FALSE,O,TRUE,TRUE,FALSE,FALSE,FALSE,FALSE,FALSE,FALSE,N,FALSE,FALSE,FALSE,FALSE,FALSE,FALSE,FALSE,FALSE
"-79.02861357, 35.94009678",-79.02861357,35.94009678,105 OXFORD HILLS PL  ,N,FALSE,FALSE,FALSE,FALSE,FALSE,FALSE,FALSE,FALSE,FALSE,N,FALSE,FALSE,FALSE,FALSE,FALSE,FALSE,FALSE,FALSE,FALSE,N,FALSE,FALSE,FALSE,FALSE,FALSE,FALSE,FALSE,FALSE,L,FALSE,TRUE,TRUE,FALSE,FALSE,FALSE,FALSE,FALSE
"-79.02823199, 35.94042868",-79.02823199,35.94042868,106 OXFORD HILLS PL  ,L,FALSE,FALSE,TRUE,TRUE,FALSE,FALSE,FALSE,FALSE,FALSE,S,FALSE,TRUE,FALSE,FALSE,FALSE,FALSE,FALSE,FALSE,FALSE,S,FALSE,TRUE,FALSE,FALSE,FALSE,FALSE,FALSE,FALSE,N,FALSE,TRUE,FALSE,FALSE,FALSE,TRUE,FALSE,FALSE
"-79.02852506, 35.94029808",-79.02852506,35.94029808,107 OXFORD HILLS PL  ,S,FALSE,FALSE,FALSE,FALSE,FALSE,FALSE,FALSE,FALSE,FALSE,S,FALSE,FALSE,FALSE,FALSE,FALSE,FALSE,FALSE,FALSE,FALSE,O,TRUE,FALSE,FALSE,FALSE,FALSE,FALSE,FALSE,FALSE,S,FALSE,FALSE,FALSE,FALSE,FALSE,FALSE,FALSE,FALSE
"-79.02813339, 35.93945832",-79.02813339,35.93945832,100 WILDER PL  ,O,TRUE,FALSE,FALSE,FALSE,FALSE,FALSE,FALSE,FALSE,FALSE,O,TRUE,FALSE,FALSE,FALSE,FALSE,FALSE,FALSE,FALSE,TRUE,O,TRUE,FALSE,FALSE,FALSE,FALSE,FALSE,FALSE,FALSE,N,FALSE,FALSE,FALSE,FALSE,FALSE,FALSE,FALSE,FALSE
"-79.02764343, 35.93965605",-79.02764343,35.93965605,101 WILDER PL  ,N,FALSE,FALSE,FALSE,FALSE,FALSE,FALSE,FALSE,FALSE,FALSE,N,FALSE,FALSE,FALSE,FALSE,FALSE,FALSE,FALSE,FALSE,FALSE,N,FALSE,FALSE,FALSE,FALSE,FALSE,FALSE,FALSE,FALSE,N,FALSE,FALSE,FALSE,FALSE,FALSE,FALSE,FALSE,FALSE
"-79.02798555, 35.93927405",-79.02798555,35.93927405,102 WILDER PL  ,L,FALSE,TRUE,FALSE,FALSE,FALSE,FALSE,FALSE,FALSE,FALSE,N,FALSE,FALSE,FALSE,FALSE,FALSE,FALSE,FALSE,FALSE,FALSE,O,TRUE,FALSE,FALSE,FALSE,FALSE,FALSE,FALSE,TRUE,S,FALSE,FALSE,FALSE,FALSE,FALSE,FALSE,FALSE,FALSE
"-79.02740073, 35.93944158",-79.02740073,35.93944158,103 WILDER PL  ,O,TRUE,TRUE,TRUE,FALSE,TRUE,FALSE,FALSE,TRUE,FALSE,O,TRUE,FALSE,FALSE,FALSE,FALSE,FALSE,FALSE,FALSE,FALSE,O,TRUE,FALSE,FALSE,FALSE,FALSE,FALSE,TRUE,FALSE,N,FALSE,FALSE,FALSE,FALSE,FALSE,FALSE,FALSE,FALSE
"-79.02798837, 35.93865548",-79.02798837,35.93865548,104 WILDER PL  ,N,FALSE,FALSE,FALSE,FALSE,FALSE,FALSE,FALSE,FALSE,FALSE,O,TRUE,FALSE,FALSE,FALSE,FALSE,FALSE,FALSE,FALSE,TRUE,L,FALSE,FALSE,TRUE,FALSE,FALSE,FALSE,FALSE,TRUE,S,FALSE,FALSE,FALSE,FALSE,FALSE,FALSE,FALSE,FALSE
"-79.02751057, 35.9392182",-79.02751057,35.9392182,105 WILDER PL  ,O,TRUE,FALSE,FALSE,FALSE,FALSE,FALSE,FALSE,FALSE,FALSE,S,FALSE,FALSE,FALSE,FALSE,FALSE,FALSE,FALSE,FALSE,FALSE,S,FALSE,FALSE,FALSE,FALSE,FALSE,FALSE,FALSE,FALSE,S,FALSE,FALSE,FALSE,FALSE,FALSE,FALSE,FALSE,FALSE
"-79.02788446, 35.94205329",-79.02788446,35.94205329,100 MARKHAM DR   ,N,FALSE,FALSE,FALSE,FALSE,FALSE,FALSE,FALSE,FALSE,FALSE,N,FALSE,FALSE,FALSE,FALSE,FALSE,FALSE,FALSE,FALSE,FALSE,N,FALSE,FALSE,FALSE,FALSE,FALSE,FALSE,FALSE,FALSE,N,FALSE,FALSE,FALSE,FALSE,FALSE,FALSE,FALSE,FALSE
"-79.02827997, 35.94191458",-79.02827997,35.94191458,102 MARKHAM DR   ,N,FALSE,FALSE,FALSE,FALSE,FALSE,FALSE,FALSE,FALSE,FALSE,O,FALSE,FALSE,TRUE,FALSE,TRUE,TRUE,TRUE,TRUE,FALSE,N,FALSE,FALSE,FALSE,FALSE,FALSE,FALSE,FALSE,FALSE,N,FALSE,FALSE,FALSE,FALSE,FALSE,FALSE,FALSE,FALSE
"-79.02879535, 35.9418563",-79.02879535,35.9418563,104 MARKHAM DR   ,N,FALSE,FALSE,FALSE,FALSE,FALSE,FALSE,FALSE,FALSE,FALSE,N,FALSE,FALSE,FALSE,FALSE,FALSE,FALSE,FALSE,FALSE,FALSE,N,FALSE,FALSE,FALSE,FALSE,FALSE,FALSE,FALSE,FALSE,N,FALSE,FALSE,FALSE,FALSE,FALSE,FALSE,FALSE,FALSE
"-79.02925088, 35.94190322",-79.02925088,35.94190322,106 MARKHAM DR   ,N,FALSE,FALSE,FALSE,FALSE,FALSE,FALSE,FALSE,FALSE,FALSE,N,FALSE,FALSE,FALSE,FALSE,FALSE,FALSE,FALSE,FALSE,FALSE,N,FALSE,FALSE,FALSE,FALSE,FALSE,FALSE,FALSE,FALSE,O,TRUE,FALSE,FALSE,FALSE,FALSE,FALSE,FALSE,TRUE
", ",,,107 MARKHAM DR   ,L,FALSE,FALSE,FALSE,FALSE,FALSE,TRUE,FALSE,TRUE,FALSE,O,TRUE,FALSE,FALSE,FALSE,FALSE,FALSE,FALSE,FALSE,FALSE,N,FALSE,FALSE,FALSE,FALSE,FALSE,FALSE,FALSE,FALSE,N,FALSE,FALSE,FALSE,FALSE,FALSE,FALSE,FALSE,FALSE
"-79.0307954, 35.94423069",-79.0307954,35.94423069,201 MARKHAM DR   ,N,FALSE,FALSE,FALSE,FALSE,FALSE,FALSE,FALSE,FALSE,FALSE,S,FALSE,TRUE,FALSE,FALSE,FALSE,FALSE,FALSE,FALSE,FALSE,N,FALSE,FALSE,FALSE,FALSE,FALSE,FALSE,FALSE,FALSE,S,FALSE,FALSE,FALSE,FALSE,FALSE,FALSE,FALSE,FALSE
"-79.03057557, 35.94533926",-79.03057557,35.94533926,209 MARKHAM DR   ,L,FALSE,FALSE,FALSE,FALSE,FALSE,FALSE,FALSE,FALSE,TRUE,N,FALSE,FALSE,FALSE,FALSE,FALSE,FALSE,FALSE,FALSE,FALSE,N,FALSE,FALSE,FALSE,FALSE,FALSE,FALSE,FALSE,FALSE,L,FALSE,FALSE,TRUE,FALSE,FALSE,TRUE,FALSE,FALSE
"-79.03035104, 35.94561451",-79.03035104,35.94561451,211 MARKHAM DR   ,L,FALSE,TRUE,FALSE,FALSE,FALSE,FALSE,FALSE,TRUE,FALSE,N,FALSE,FALSE,FALSE,FALSE,FALSE,FALSE,FALSE,FALSE,FALSE,S,FALSE,FALSE,FALSE,FALSE,FALSE,FALSE,FALSE,FALSE,N,FALSE,FALSE,FALSE,FALSE,FALSE,FALSE,FALSE,FALSE
"-79.0295492, 35.94585477",-79.0295492,35.94585477,215 MARKHAM DR   ,N,FALSE,FALSE,FALSE,FALSE,FALSE,FALSE,FALSE,FALSE,FALSE,L,FALSE,FALSE,TRUE,FALSE,FALSE,FALSE,FALSE,FALSE,FALSE,N,FALSE,FALSE,FALSE,FALSE,FALSE,FALSE,FALSE,FALSE,N,FALSE,FALSE,FALSE,FALSE,FALSE,FALSE,FALSE,FALSE
"-79.02842123, 35.94461686",-79.02842123,35.94461686,228 MARKHAM DR   ,S,FALSE,FALSE,FALSE,FALSE,FALSE,FALSE,FALSE,FALSE,FALSE,O,FALSE,FALSE,FALSE,FALSE,FALSE,FALSE,FALSE,FALSE,TRUE,L,FALSE,FALSE,FALSE,FALSE,FALSE,FALSE,FALSE,TRUE,N,FALSE,FALSE,FALSE,FALSE,FALSE,FALSE,FALSE,FALSE
"-79.02888986, 35.94316561",-79.02888986,35.94316561,1815 MARKHAM DR   ,O,TRUE,TRUE,FALSE,FALSE,FALSE,FALSE,TRUE,TRUE,TRUE,L,FALSE,FALSE,FALSE,FALSE,FALSE,FALSE,FALSE,FALSE,FALSE,S,FALSE,FALSE,FALSE,FALSE,FALSE,FALSE,FALSE,FALSE,L,FALSE,FALSE,FALSE,FALSE,FALSE,FALSE,FALSE,TRUE
"-79.02913686, 35.94139583",-79.02913686,35.94139583,2015 MARKHAM DR   ,O,FALSE,FALSE,FALSE,FALSE,FALSE,FALSE,FALSE,FALSE,FALSE,S,FALSE,FALSE,FALSE,FALSE,FALSE,TRUE,FALSE,FALSE,FALSE,S,FALSE,FALSE,FALSE,FALSE,FALSE,FALSE,FALSE,FALSE,O,TRUE,FALSE,FALSE,FALSE,FALSE,FALSE,FALSE,FALSE
"-79.02958255, 35.94124983",-79.02958255,35.94124983,2017 MARKHAM DR   ,O,FALSE,FALSE,FALSE,FALSE,FALSE,FALSE,FALSE,TRUE,FALSE,L,FALSE,FALSE,FALSE,FALSE,FALSE,FALSE,FALSE,FALSE,FALSE,L,FALSE,TRUE,TRUE,FALSE,FALSE,TRUE,FALSE,FALSE,S,FALSE,FALSE,FALSE,FALSE,FALSE,FALSE,FALSE,FALSE
"-79.03024544, 35.94133687",-79.03024544,35.94133687,2019 MARKHAM DR   ,O,TRUE,FALSE,FALSE,FALSE,FALSE,FALSE,FALSE,FALSE,FALSE,O,TRUE,FALSE,FALSE,FALSE,FALSE,FALSE,FALSE,FALSE,FALSE,N,FALSE,FALSE,FALSE,FALSE,FALSE,FALSE,FALSE,FALSE,L,FALSE,TRUE,FALSE,FALSE,FALSE,FALSE,FALSE,FALSE
"-79.03011691, 35.94174212",-79.03011691,35.94174212,2021 MARKHAM DR   ,N,FALSE,FALSE,FALSE,FALSE,FALSE,FALSE,FALSE,FALSE,FALSE,N,FALSE,FALSE,FALSE,FALSE,FALSE,FALSE,FALSE,FALSE,FALSE,O,FALSE,FALSE,FALSE,FALSE,TRUE,FALSE,TRUE,FALSE,N,FALSE,FALSE,FALSE,FALSE,FALSE,FALSE,FALSE,FALSE
"-79.03009716, 35.94214211",-79.03009716,35.94214211,2023 MARKHAM DR   ,N,FALSE,FALSE,FALSE,FALSE,FALSE,FALSE,FALSE,FALSE,FALSE,O,FALSE,TRUE,TRUE,FALSE,FALSE,TRUE,FALSE,TRUE,FALSE,L,FALSE,FALSE,FALSE,TRUE,FALSE,FALSE,FALSE,TRUE,S,FALSE,FALSE,FALSE,FALSE,FALSE,FALSE,FALSE,FALSE
"-79.02901846, 35.94225119",-79.02901846,35.94225119,2024 MARKHAM DR   ,S,FALSE,FALSE,FALSE,FALSE,FALSE,FALSE,FALSE,FALSE,FALSE,S,FALSE,TRUE,FALSE,FALSE,FALSE,FALSE,FALSE,FALSE,FALSE,L,FALSE,FALSE,FALSE,FALSE,FALSE,FALSE,FALSE,TRUE,S,FALSE,FALSE,FALSE,FALSE,FALSE,FALSE,FALSE,FALSE
", ",,,2025 MARKHAM DR  UNIT B,N,FALSE,FALSE,FALSE,FALSE,FALSE,FALSE,FALSE,FALSE,FALSE,L,FALSE,FALSE,FALSE,FALSE,FALSE,TRUE,FALSE,FALSE,FALSE,L,FALSE,FALSE,FALSE,FALSE,FALSE,FALSE,FALSE,FALSE,S,FALSE,FALSE,FALSE,FALSE,FALSE,FALSE,FALSE,FALSE
", ",,,2026 MARKHAM DR   ,N,FALSE,FALSE,FALSE,FALSE,FALSE,FALSE,FALSE,FALSE,FALSE,N,FALSE,FALSE,FALSE,FALSE,FALSE,FALSE,FALSE,FALSE,FALSE,N,FALSE,FALSE,FALSE,FALSE,FALSE,FALSE,FALSE,FALSE,N,FALSE,FALSE,FALSE,FALSE,FALSE,FALSE,FALSE,FALSE
"-79.02971796, 35.94276308",-79.02971796,35.94276308,2027 MARKHAM DR   ,N,FALSE,FALSE,FALSE,FALSE,FALSE,FALSE,FALSE,FALSE,FALSE,N,FALSE,FALSE,FALSE,FALSE,FALSE,FALSE,FALSE,FALSE,FALSE,N,FALSE,FALSE,FALSE,FALSE,FALSE,FALSE,FALSE,FALSE,N,FALSE,FALSE,FALSE,FALSE,FALSE,FALSE,FALSE,FALSE
"-79.02978355, 35.9430105",-79.02978355,35.9430105,2029 MARKHAM DR   ,O,TRUE,FALSE,FALSE,FALSE,TRUE,FALSE,FALSE,FALSE,FALSE,L,FALSE,FALSE,FALSE,FALSE,FALSE,FALSE,FALSE,FALSE,FALSE,N,FALSE,FALSE,FALSE,FALSE,FALSE,FALSE,FALSE,FALSE,N,FALSE,FALSE,FALSE,FALSE,FALSE,FALSE,FALSE,FALSE
"-79.02882727, 35.94349391",-79.02882727,35.94349391,2030 MARKHAM DR   ,N,FALSE,FALSE,FALSE,FALSE,FALSE,FALSE,FALSE,FALSE,FALSE,O,FALSE,FALSE,FALSE,FALSE,FALSE,FALSE,TRUE,FALSE,FALSE,N,FALSE,FALSE,FALSE,FALSE,FALSE,FALSE,FALSE,FALSE,N,FALSE,FALSE,FALSE,FALSE,FALSE,FALSE,FALSE,FALSE
"-79.02963886, 35.94340083",-79.02963886,35.94340083,2031 MARKHAM DR   ,O,TRUE,TRUE,FALSE,FALSE,FALSE,FALSE,FALSE,FALSE,FALSE,O,TRUE,FALSE,FALSE,FALSE,FALSE,FALSE,FALSE,FALSE,FALSE,O,TRUE,TRUE,FALSE,FALSE,FALSE,FALSE,FALSE,TRUE,S,FALSE,FALSE,FALSE,FALSE,FALSE,FALSE,FALSE,FALSE
"-79.03000295, 35.94446886",-79.03000295,35.94446886,2100 MARKHAM DR   ,N,FALSE,FALSE,FALSE,FALSE,FALSE,FALSE,FALSE,FALSE,FALSE,S,FALSE,FALSE,FALSE,FALSE,FALSE,FALSE,FALSE,FALSE,FALSE,S,FALSE,FALSE,FALSE,FALSE,FALSE,FALSE,FALSE,FALSE,S,FALSE,FALSE,FALSE,FALSE,FALSE,FALSE,FALSE,FALSE
"-79.03005224, 35.94492484",-79.03005224,35.94492484,2104 MARKHAM DR   ,L,FALSE,FALSE,FALSE,FALSE,FALSE,FALSE,FALSE,FALSE,FALSE,O,TRUE,TRUE,TRUE,FALSE,FALSE,FALSE,FALSE,FALSE,TRUE,O,FALSE,TRUE,FALSE,FALSE,FALSE,FALSE,FALSE,FALSE,S,FALSE,FALSE,FALSE,TRUE,FALSE,FALSE,FALSE,FALSE
", ",,,2105 MARKHAM DR   ,N,FALSE,FALSE,FALSE,FALSE,FALSE,FALSE,FALSE,FALSE,FALSE,N,FALSE,FALSE,FALSE,FALSE,FALSE,FALSE,FALSE,FALSE,FALSE,N,FALSE,FALSE,FALSE,FALSE,FALSE,FALSE,FALSE,FALSE,N,FALSE,FALSE,FALSE,FALSE,FALSE,FALSE,FALSE,FALSE
"-79.02980008, 35.94518315",-79.02980008,35.94518315,2106 MARKHAM DR   ,S,FALSE,FALSE,FALSE,FALSE,FALSE,FALSE,FALSE,FALSE,FALSE,N,FALSE,FALSE,FALSE,FALSE,FALSE,FALSE,FALSE,FALSE,FALSE,N,FALSE,FALSE,FALSE,FALSE,FALSE,FALSE,FALSE,FALSE,N,FALSE,FALSE,FALSE,FALSE,FALSE,FALSE,FALSE,FALSE
"-79.03084991, 35.94483913",-79.03084991,35.94483913,2107 MARKHAM DR   ,N,FALSE,FALSE,FALSE,FALSE,FALSE,FALSE,FALSE,FALSE,FALSE,N,FALSE,FALSE,FALSE,FALSE,FALSE,FALSE,FALSE,FALSE,FALSE,N,FALSE,FALSE,FALSE,FALSE,FALSE,FALSE,FALSE,FALSE,N,FALSE,FALSE,FALSE,FALSE,FALSE,FALSE,FALSE,FALSE
"-79.02929124, 35.94516868",-79.02929124,35.94516868,2108 MARKHAM DR UNIT A,O,TRUE,FALSE,TRUE,FALSE,FALSE,FALSE,FALSE,FALSE,FALSE,O,TRUE,TRUE,TRUE,FALSE,FALSE,FALSE,FALSE,FALSE,FALSE,L,FALSE,TRUE,FALSE,FALSE,FALSE,FALSE,FALSE,TRUE,S,FALSE,FALSE,FALSE,FALSE,FALSE,FALSE,FALSE,FALSE
"-79.02906172, 35.94505713",-79.02906172,35.94505713,2110 MARKHAM DR   ,N,FALSE,FALSE,FALSE,FALSE,FALSE,FALSE,FALSE,FALSE,FALSE,L,FALSE,TRUE,FALSE,TRUE,FALSE,FALSE,FALSE,FALSE,FALSE,N,FALSE,FALSE,FALSE,FALSE,FALSE,FALSE,FALSE,FALSE,N,FALSE,FALSE,FALSE,FALSE,FALSE,FALSE,FALSE,FALSE
"-79.02869214, 35.94489659",-79.02869214,35.94489659,2112 MARKHAM DR   ,N,FALSE,FALSE,FALSE,FALSE,FALSE,FALSE,FALSE,FALSE,FALSE,N,FALSE,FALSE,FALSE,FALSE,FALSE,FALSE,FALSE,FALSE,FALSE,S,FALSE,TRUE,FALSE,FALSE,FALSE,FALSE,FALSE,FALSE,N,FALSE,FALSE,FALSE,FALSE,FALSE,FALSE,FALSE,FALSE
"-79.02904636, 35.94587404",-79.02904636,35.94587404,2119 MARKHAM DR   ,O,TRUE,FALSE,FALSE,FALSE,FALSE,FALSE,TRUE,FALSE,FALSE,O,TRUE,FALSE,FALSE,FALSE,FALSE,FALSE,FALSE,FALSE,FALSE,S,FALSE,FALSE,FALSE,FALSE,FALSE,FALSE,FALSE,FALSE,S,FALSE,FALSE,FALSE,FALSE,FALSE,FALSE,FALSE,FALSE
"-79.02832288, 35.94577058",-79.02832288,35.94577058,2123 MARKHAM DR   ,N,FALSE,FALSE,FALSE,FALSE,FALSE,FALSE,FALSE,FALSE,FALSE,N,FALSE,FALSE,FALSE,FALSE,FALSE,FALSE,FALSE,FALSE,FALSE,N,FALSE,FALSE,FALSE,FALSE,FALSE,FALSE,FALSE,FALSE,N,FALSE,FALSE,FALSE,FALSE,FALSE,FALSE,FALSE,FALSE
"-79.0277491, 35.94513867",-79.0277491,35.94513867,2127 MARKHAM DR   ,N,FALSE,FALSE,FALSE,FALSE,FALSE,FALSE,FALSE,FALSE,FALSE,N,FALSE,FALSE,FALSE,FALSE,FALSE,FALSE,FALSE,FALSE,FALSE,N,FALSE,FALSE,FALSE,FALSE,FALSE,FALSE,FALSE,FALSE,N,FALSE,FALSE,FALSE,FALSE,FALSE,FALSE,FALSE,FALSE
", ",,,2116 MARKHAM DR   ,N,FALSE,FALSE,FALSE,FALSE,FALSE,FALSE,FALSE,FALSE,FALSE,N,FALSE,FALSE,FALSE,FALSE,FALSE,FALSE,FALSE,FALSE,FALSE,N,FALSE,FALSE,FALSE,FALSE,FALSE,FALSE,FALSE,FALSE,N,FALSE,FALSE,FALSE,FALSE,FALSE,FALSE,FALSE,FALSE
"-79.02839172, 35.94302014",-79.02839172,35.94302014,2018 MARKHAM CT   ,N,FALSE,FALSE,FALSE,FALSE,FALSE,FALSE,FALSE,FALSE,FALSE,N,FALSE,FALSE,FALSE,FALSE,FALSE,FALSE,FALSE,FALSE,FALSE,O,TRUE,FALSE,FALSE,FALSE,FALSE,TRUE,FALSE,FALSE,N,FALSE,FALSE,FALSE,FALSE,FALSE,FALSE,FALSE,FALSE
"-79.02799985, 35.94297645",-79.02799985,35.94297645,2020 MARKHAM CT   ,N,FALSE,FALSE,FALSE,FALSE,FALSE,FALSE,FALSE,FALSE,FALSE,N,FALSE,FALSE,FALSE,FALSE,FALSE,FALSE,FALSE,FALSE,FALSE,N,FALSE,FALSE,FALSE,FALSE,FALSE,FALSE,FALSE,FALSE,N,FALSE,FALSE,FALSE,FALSE,FALSE,FALSE,FALSE,FALSE
"-79.0278698, 35.94250601",-79.0278698,35.94250601,2022 MARKHAM CT   ,L,FALSE,TRUE,FALSE,FALSE,FALSE,TRUE,FALSE,FALSE,FALSE,N,FALSE,FALSE,FALSE,FALSE,FALSE,FALSE,FALSE,FALSE,FALSE,N,FALSE,FALSE,FALSE,FALSE,FALSE,FALSE,FALSE,FALSE,N,FALSE,FALSE,FALSE,FALSE,FALSE,FALSE,FALSE,FALSE
", ",,,2023 MARKHAM CT   ,O,TRUE,TRUE,FALSE,FALSE,FALSE,TRUE,FALSE,TRUE,FALSE,N,FALSE,FALSE,FALSE,FALSE,FALSE,FALSE,FALSE,FALSE,FALSE,N,FALSE,FALSE,FALSE,FALSE,FALSE,FALSE,FALSE,FALSE,N,FALSE,FALSE,FALSE,FALSE,FALSE,FALSE,FALSE,FALSE
"-79.02849028, 35.94245883",-79.02849028,35.94245883,2024 MARKHAM CT   ,S,FALSE,TRUE,FALSE,FALSE,FALSE,FALSE,FALSE,TRUE,FALSE,N,FALSE,FALSE,FALSE,FALSE,FALSE,FALSE,FALSE,FALSE,FALSE,N,FALSE,FALSE,FALSE,FALSE,FALSE,FALSE,FALSE,FALSE,N,FALSE,FALSE,FALSE,FALSE,FALSE,FALSE,FALSE,FALSE
", ",,,2025 MARKHAM CT   ,O,TRUE,FALSE,FALSE,FALSE,TRUE,FALSE,FALSE,FALSE,FALSE,N,FALSE,FALSE,FALSE,FALSE,FALSE,FALSE,FALSE,FALSE,FALSE,N,FALSE,FALSE,FALSE,FALSE,FALSE,FALSE,FALSE,FALSE,N,FALSE,FALSE,FALSE,FALSE,FALSE,FALSE,FALSE,FALSE
", ",,,2025 MARKHAM CT   ,O,TRUE,TRUE,FALSE,FALSE,FALSE,TRUE,FALSE,FALSE,FALSE,N,FALSE,FALSE,FALSE,FALSE,FALSE,FALSE,FALSE,FALSE,FALSE,N,FALSE,FALSE,FALSE,FALSE,FALSE,FALSE,FALSE,FALSE,N,FALSE,FALSE,FALSE,FALSE,FALSE,FALSE,FALSE,FALSE
"-79.02901887, 35.94258569",-79.02901887,35.94258569,2026 MARKHAM CT   ,L,FALSE,FALSE,FALSE,FALSE,FALSE,FALSE,FALSE,FALSE,FALSE,S,FALSE,FALSE,FALSE,FALSE,FALSE,FALSE,FALSE,FALSE,FALSE,S,FALSE,FALSE,FALSE,FALSE,FALSE,FALSE,FALSE,FALSE,S,FALSE,FALSE,FALSE,FALSE,FALSE,FALSE,FALSE,FALSE
"-79.03025921, 35.94329082",-79.03025921,35.94329082,1 TADLEY DR  ,O,TRUE,FALSE,FALSE,FALSE,FALSE,FALSE,FALSE,FALSE,FALSE,O,TRUE,FALSE,TRUE,FALSE,FALSE,FALSE,FALSE,FALSE,FALSE,N,FALSE,FALSE,FALSE,FALSE,FALSE,FALSE,FALSE,FALSE,N,FALSE,FALSE,FALSE,FALSE,FALSE,FALSE,FALSE,FALSE
"-79.02875582, 35.94387476",-79.02875582,35.94387476,100 TADLEY DR  ,N,FALSE,FALSE,FALSE,FALSE,FALSE,FALSE,FALSE,FALSE,FALSE,O,FALSE,FALSE,FALSE,FALSE,FALSE,TRUE,FALSE,FALSE,FALSE,O,TRUE,FALSE,FALSE,FALSE,FALSE,FALSE,FALSE,FALSE,S,FALSE,FALSE,FALSE,FALSE,FALSE,FALSE,FALSE,FALSE
"-79.02935883, 35.94459844",-79.02935883,35.94459844,205 TADLEY DR  ,N,FALSE,FALSE,FALSE,FALSE,FALSE,FALSE,FALSE,FALSE,FALSE,N,FALSE,FALSE,FALSE,FALSE,FALSE,FALSE,FALSE,FALSE,FALSE,N,FALSE,FALSE,FALSE,FALSE,FALSE,FALSE,FALSE,FALSE,N,FALSE,FALSE,FALSE,FALSE,FALSE,FALSE,FALSE,FALSE
"-79.02991246, 35.94362605",-79.02991246,35.94362605,410 TADLEY DR  ,N,FALSE,FALSE,FALSE,FALSE,FALSE,FALSE,FALSE,FALSE,FALSE,N,FALSE,FALSE,FALSE,FALSE,FALSE,FALSE,FALSE,FALSE,FALSE,N,FALSE,FALSE,FALSE,FALSE,FALSE,FALSE,FALSE,FALSE,N,FALSE,FALSE,FALSE,FALSE,FALSE,FALSE,FALSE,FALSE
", ",,,1001 TADLEY DR  ,O,TRUE,FALSE,FALSE,FALSE,FALSE,FALSE,FALSE,FALSE,FALSE,N,FALSE,FALSE,FALSE,FALSE,FALSE,FALSE,FALSE,FALSE,FALSE,N,FALSE,FALSE,FALSE,FALSE,FALSE,FALSE,FALSE,FALSE,N,FALSE,FALSE,FALSE,FALSE,FALSE,FALSE,FALSE,FALSE
"-79.02919882, 35.94390933",-79.02919882,35.94390933,2100 TADLEY DR  ,N,FALSE,FALSE,FALSE,FALSE,FALSE,FALSE,FALSE,FALSE,FALSE,S,FALSE,TRUE,FALSE,FALSE,FALSE,FALSE,FALSE,TRUE,FALSE,S,FALSE,FALSE,FALSE,FALSE,FALSE,FALSE,FALSE,TRUE,N,FALSE,FALSE,FALSE,FALSE,FALSE,FALSE,FALSE,FALSE
"-79.02829132, 35.94392513",-79.02829132,35.94392513,2104 TADLEY DR  ,O,TRUE,TRUE,FALSE,FALSE,FALSE,FALSE,FALSE,FALSE,FALSE,N,FALSE,FALSE,FALSE,FALSE,FALSE,FALSE,FALSE,FALSE,FALSE,N,FALSE,FALSE,FALSE,FALSE,FALSE,FALSE,FALSE,FALSE,N,FALSE,FALSE,FALSE,FALSE,FALSE,FALSE,FALSE,FALSE
"-79.02891294, 35.94456363",-79.02891294,35.94456363,2109 TADLEY DR  ,O,FALSE,FALSE,FALSE,FALSE,FALSE,FALSE,FALSE,TRUE,FALSE,S,FALSE,FALSE,FALSE,FALSE,FALSE,FALSE,FALSE,FALSE,FALSE,S,FALSE,FALSE,FALSE,FALSE,FALSE,FALSE,FALSE,FALSE,N,FALSE,FALSE,FALSE,FALSE,FALSE,FALSE,FALSE,FALSE